,user_id,treatment_group,seats_purchased,user_purchased
0,18661343440,treatment,0,0
1,12383779858,control,3,1
2,21380921198,treatment_B,0,0
3,14932979248,control,0,0
4,21226245936,control,1,1
5,21226245936,control,1,1
6,21226245936,control,2,1
7,207399516,control,0,0
8,19356934633,treatment_B,0,0
9,17289275109,treatment,0,0
10,22142143848,treatment_B,0,0
11,23572399842,treatment_B,0,0
12,10463939701,control,0,0
13,23266183758,control,0,0
14,6048025182,treatment,0,0
15,18003875208,control,0,0
16,204161417,treatment,4,1
17,16188702608,control,0,0
18,249247890,treatment,1,1
19,14080671256,control,0,0
20,204651482,treatment_B,0,0
21,17183200014,treatment_B,0,0
22,18977066830,treatment,0,0
23,23117544716,control,0,0
24,18588406709,treatment_B,0,0
25,22533656295,control,0,0
26,19658732304,treatment,0,0
27,213814164,treatment,1,1
28,237369005,control,1,1
29,200110134,control,0,0
30,241973425,treatment_B,0,0
31,21435958631,control,1,1
32,263244394,treatment,0,0
33,23128517064,treatment_B,0,0
34,23537283106,control,0,0
35,23047999403,treatment_B,0,0
36,23651837013,control,0,0
37,23208920188,treatment,0,0
38,23502501625,treatment_B,0,0
39,2128799,treatment,0,0
40,21977364171,treatment_B,0,0
41,23411652411,treatment_B,0,0
42,1776300553,control,0,0
43,22918293926,treatment_B,0,0
44,19537183742,treatment,1,1
45,19537183742,treatment,3,1
46,18988641939,control,1,1
47,188863372,treatment_B,0,0
48,11594302696,treatment,0,0
49,15470882516,control,0,0
50,203344263,treatment,1,1
51,23191762363,treatment,0,0
52,1635056803,treatment,0,0
53,11755066,control,0,0
54,19624030460,treatment,0,0
55,238039859,treatment_B,1,1
56,18403487470,treatment_B,0,0
57,15120960518,treatment,0,0
58,12875545,control,5,1
59,20706511816,treatment_B,0,0
60,218487658,treatment,0,0
61,15665036340,treatment,0,0
62,202643363,treatment,0,0
63,9864008141,treatment_B,0,0
64,18662287297,treatment_B,0,0
65,10063035055,treatment_B,10,1
66,3113931895,treatment_B,1,1
67,21046706732,treatment_B,1,1
68,14656041387,control,0,0
69,23552388199,treatment,0,0
70,23476574970,control,0,0
71,11688962261,treatment_B,0,0
72,19991820662,treatment,0,0
73,20862187902,control,2,1
74,18709844322,treatment_B,0,0
75,23483307482,control,0,0
76,196203040,control,0,0
77,23108062000,treatment,0,0
78,19342608999,treatment,5,1
79,176838892,treatment,3,1
80,19782205593,treatment,0,0
81,16205481182,control,1,1
82,16205481182,control,1,1
83,1127947235,treatment_B,0,0
84,13894521057,control,0,0
85,10376949896,treatment,0,0
86,6540162587,treatment,0,0
87,188521954,treatment,0,0
88,14932314416,control,0,0
89,184035713,treatment_B,6,1
90,22779633682,treatment,0,0
91,218078574,treatment_B,0,0
92,8285211422,control,0,0
93,8603976367,treatment,0,0
94,19339603271,treatment_B,0,0
95,21219823314,control,0,0
96,21213341579,control,0,0
97,23107749827,treatment_B,0,0
98,258987837,treatment,0,0
99,11819981731,treatment_B,0,0
100,15976911421,treatment_B,0,0
101,463736554,treatment,0,0
102,182820243,control,1,1
103,23493482437,treatment_B,0,0
104,22944552717,treatment,0,0
105,17300495314,treatment,0,0
106,22757261418,treatment,0,0
107,283334529,treatment,4,1
108,21540917528,treatment,0,0
109,8107947477,control,0,0
110,2463983710,treatment_B,0,0
111,20045635100,control,0,0
112,17534392795,treatment,1,1
113,264734477,treatment,2,1
114,3871898718,treatment,0,0
115,14598168389,treatment,0,0
116,23085548273,control,0,0
117,15103848364,treatment_B,0,0
118,23001106440,treatment_B,0,0
119,276593857,treatment,0,0
120,3276935433,control,0,0
121,8926235269,treatment,0,0
122,846960580,treatment,0,0
123,200748335,treatment_B,0,0
124,18907184273,treatment,0,0
125,10179737349,treatment,0,0
126,6551413501,control,45,1
127,6551413501,control,5,1
128,592632645,treatment_B,1,1
129,2935403785,treatment,1,1
130,11317609486,treatment,3,1
131,12800247275,control,0,0
132,278232833,treatment,1,1
133,2866179146,treatment,0,0
134,7036460180,control,0,0
135,23266585137,control,0,0
136,6122841094,treatment_B,1,1
137,6122841094,treatment_B,1,1
138,20978494292,treatment,0,0
139,23522983284,treatment,0,0
140,252001233,control,10,1
141,236713156,control,0,0
142,11614738653,treatment_B,0,0
143,23393945557,treatment_B,0,0
144,19369753312,treatment_B,0,0
145,214058173,control,0,0
146,248454462,control,1,1
147,3009900447,treatment_B,1,1
148,3598655382,control,0,0
149,22496760020,control,0,0
150,19924994489,treatment,0,0
151,23352859291,treatment,0,0
152,18918120359,control,0,0
153,19425155264,treatment,0,0
154,869574084,treatment_B,1,1
155,21243361020,control,0,0
156,250328154,treatment,0,0
157,20073385179,control,0,0
158,13883525740,treatment_B,0,0
159,21660576065,treatment_B,0,0
160,19602854742,control,2,1
161,11137480192,control,0,0
162,979633288,treatment,0,0
163,7576737072,control,0,0
164,9575348939,treatment_B,0,0
165,12021214659,control,0,0
166,6838819666,treatment,1,1
167,8391317330,treatment,0,0
168,199403553,treatment,1,1
169,18911875513,treatment,1,1
170,13966978850,treatment,0,0
171,7161290131,treatment_B,1,1
172,7161290131,treatment_B,1,1
173,7161290131,treatment_B,1,1
174,7161290131,treatment_B,1,1
175,7161290131,treatment_B,1,1
176,7161290131,treatment_B,1,1
177,9852894433,treatment,3,1
178,197593242,treatment_B,1,1
179,197593242,treatment_B,9,1
180,197593242,treatment_B,1,1
181,197593242,treatment_B,1,1
182,13537310,control,0,0
183,6239689815,treatment,0,0
184,19576611622,treatment,0,0
185,1733125513,treatment,1,1
186,886478366,treatment_B,0,0
187,21720991649,treatment,0,0
188,16824242580,control,2,1
189,7442470203,treatment_B,50,1
190,23270326161,treatment,0,0
191,23055017582,treatment,0,0
192,3255412611,treatment,1,1
193,12526769424,treatment_B,0,0
194,18001968594,control,1,1
195,11951590504,treatment,0,0
196,17797644211,control,0,0
197,23495345069,control,0,0
198,8522679431,treatment_B,0,0
199,23252635666,control,5,1
200,23267945708,control,0,0
201,21568491132,treatment_B,1,1
202,208075984,treatment_B,0,0
203,20888436629,treatment_B,1,1
204,231802859,treatment,0,0
205,23471782063,treatment,0,0
206,1402772560,treatment_B,0,0
207,20805792406,treatment_B,0,0
208,20778214511,control,0,0
209,22259388375,control,0,0
210,19510468713,treatment,0,0
211,3442770633,treatment_B,0,0
212,22915363457,control,2,1
213,18603533705,treatment_B,0,0
214,21652563543,treatment,2,1
215,12340148272,treatment_B,1,1
216,19550794522,treatment_B,3,1
217,9077878,treatment_B,0,0
218,11750574056,treatment,1,1
219,2865777238,treatment_B,0,0
220,1005628637,control,0,0
221,13173683895,control,0,0
222,6575544,control,0,0
223,2631886910,control,0,0
224,23389642148,treatment_B,0,0
225,23264474944,treatment,0,0
226,23691905142,control,0,0
227,12690155913,treatment_B,0,0
228,217760010,control,0,0
229,176516328,treatment_B,0,0
230,22920680498,treatment,0,0
231,181211323,treatment,0,0
232,17538157081,treatment_B,6,1
233,17538157081,treatment_B,1,1
234,16813375632,control,0,0
235,1857650822,control,0,0
236,23188212738,treatment_B,0,0
237,18071064895,treatment,20,1
238,18071064895,treatment,15,1
239,16790181003,control,0,0
240,18201199619,treatment_B,1,1
241,3422897844,treatment,1,1
242,11520607190,treatment,0,0
243,11380418807,treatment_B,0,0
244,13827331464,treatment_B,0,0
245,17439714928,treatment_B,0,0
246,258873605,treatment_B,0,0
247,236846187,control,0,0
248,7754963663,control,1,1
249,16258060576,treatment,0,0
250,11274531,control,0,0
251,9460984944,control,0,0
252,23345241776,control,0,0
253,204039945,treatment_B,0,0
254,19024253992,treatment_B,0,0
255,16510552963,treatment,0,0
256,12820317833,treatment,3,1
257,21271083197,treatment,0,0
258,20817062517,treatment_B,0,0
259,19863752947,treatment,0,0
260,194928448,control,1,1
261,18494097153,treatment_B,0,0
262,200006858,treatment,1,1
263,15054470863,treatment_B,1,1
264,23227920813,treatment_B,0,0
265,23395500388,treatment_B,0,0
266,182063484,control,0,0
267,20782100289,control,0,0
268,23111400714,treatment,0,0
269,7946904238,control,0,0
270,22943614437,treatment_B,0,0
271,16744182486,treatment,0,0
272,3224684682,treatment_B,0,0
273,19238581223,treatment_B,0,0
274,16641282907,treatment,0,0
275,20354059154,treatment,10,1
276,23243931183,control,0,0
277,23571487945,control,0,0
278,23062872375,control,12,1
279,3813921612,treatment,4,1
280,8419182976,treatment_B,0,0
281,16751050442,control,0,0
282,23192043177,treatment_B,0,0
283,1758020933,treatment,0,0
284,19543089821,control,0,0
285,3746402459,treatment_B,0,0
286,226688471,treatment_B,1,1
287,226688471,treatment_B,1,1
288,204710804,treatment,0,0
289,16391697010,treatment_B,0,0
290,17948648765,treatment,0,0
291,13895318571,treatment_B,1,1
292,253042317,treatment_B,1,1
293,21223479071,control,0,0
294,17002271112,control,0,0
295,18418196383,control,2,1
296,181500507,treatment_B,0,0
297,3037813669,control,0,0
298,23192724453,treatment,0,0
299,3488380779,treatment,0,0
300,12624363641,treatment,0,0
301,22103427314,treatment_B,0,0
302,22059576396,control,0,0
303,180794303,treatment_B,0,0
304,281472209,treatment,0,0
305,23230872121,control,0,0
306,2627334286,treatment_B,0,0
307,818393068,treatment,0,0
308,10905599654,treatment_B,0,0
309,22482089109,treatment_B,2,1
310,7524838481,treatment_B,1,1
311,19246812803,treatment,1,1
312,23376148870,treatment_B,0,0
313,5609048,treatment_B,0,0
314,12066948611,control,0,0
315,7322065501,treatment_B,0,0
316,3878132599,control,0,0
317,17300761302,treatment,0,0
318,15461690875,treatment_B,0,0
319,14037365573,treatment_B,1,1
320,9225224560,treatment_B,0,0
321,23107966211,treatment_B,0,0
322,2205134798,treatment,0,0
323,14401832553,treatment,0,0
324,23498972334,treatment,3,1
325,23308512489,treatment,0,0
326,14235202062,control,0,0
327,6283642,control,0,0
328,665681421,treatment_B,9,1
329,3404096959,control,0,0
330,23411551217,treatment_B,0,0
331,640609435,control,2,1
332,19036816287,control,0,0
333,639343681,treatment_B,0,0
334,3380492078,treatment,1,1
335,3380492078,treatment,1,1
336,12879583690,treatment_B,0,0
337,253060981,control,0,0
338,23332623440,treatment,0,0
339,19054643592,control,0,0
340,210650071,treatment,0,0
341,6066691844,treatment_B,0,0
342,8113420328,control,0,0
343,19278176503,treatment,0,0
344,10651587227,treatment,3,1
345,12217089734,treatment_B,0,0
346,23647409930,control,0,0
347,6206016,treatment,1,1
348,12817905039,treatment,0,0
349,218498892,control,0,0
350,15722366423,treatment_B,0,0
351,8059613233,control,3,1
352,8059613233,control,5,1
353,8059613233,control,5,1
354,3695030391,treatment_B,0,0
355,19856437064,control,0,0
356,16735230110,treatment_B,0,0
357,185699874,treatment,0,0
358,1864115223,treatment,0,0
359,6074729341,treatment,1,1
360,6074729341,treatment,1,1
361,6249270308,treatment,0,0
362,340645700,treatment_B,0,0
363,20977589375,treatment,0,0
364,18077288210,control,0,0
365,386950669,treatment,0,0
366,23359397480,treatment_B,0,0
367,15417698131,control,0,0
368,22994871228,treatment_B,0,0
369,20362139921,control,0,0
370,23042028677,control,0,0
371,973714056,treatment,1,1
372,180367608,treatment_B,1,1
373,180367608,treatment_B,2,1
374,12392383992,treatment_B,0,0
375,23396152822,treatment,0,0
376,10443644641,treatment,0,0
377,263730990,control,0,0
378,23104819298,control,0,0
379,13179664570,treatment,0,0
380,3190765953,treatment,0,0
381,207087308,control,0,0
382,20416447697,control,0,0
383,22436448144,treatment,0,0
384,4821410,treatment_B,0,0
385,12721556589,treatment_B,1,1
386,6683616237,control,0,0
387,244071993,treatment,0,0
388,23369784993,control,0,0
389,19946815936,treatment,0,0
390,3837135977,control,1,1
391,6185982,treatment_B,7,1
392,232735611,treatment_B,0,0
393,15737063645,control,0,0
394,14422355264,treatment,0,0
395,15056617948,treatment_B,0,0
396,176953443,treatment,0,0
397,278918409,control,0,0
398,197917045,treatment_B,0,0
399,12124628318,control,0,0
400,258549841,treatment_B,1,1
401,176289872,control,0,0
402,9292717092,treatment_B,0,0
403,3506168390,treatment,0,0
404,592962799,treatment,0,0
405,10067419881,control,0,0
406,21136951403,treatment_B,0,0
407,11252934557,treatment,2,1
408,16059650375,control,0,0
409,214742177,control,0,0
410,3860578096,treatment_B,0,0
411,227025063,control,0,0
412,20258521961,treatment,5,1
413,23125673345,treatment_B,0,0
414,15198532600,control,0,0
415,21678604861,control,0,0
416,23062833772,treatment_B,0,0
417,15078538275,control,0,0
418,15097769995,treatment_B,3,1
419,23413380600,treatment,0,0
420,10117019163,treatment,0,0
421,13355014035,control,0,0
422,191831273,control,0,0
423,243237263,control,0,0
424,176683150,control,0,0
425,7227327583,treatment,1,1
426,7227327583,treatment,1,1
427,7227327583,treatment,3,1
428,7227327583,treatment,1,1
429,7227327583,treatment,1,1
430,7753152730,treatment_B,3,1
431,285325626,treatment,1,1
432,449341052,treatment,0,0
433,22239529000,treatment,0,0
434,9612822415,treatment_B,0,0
435,23264304357,treatment,0,0
436,20295521487,treatment,0,0
437,6084876019,treatment,1,1
438,12456894188,control,6,1
439,12456894188,control,1,1
440,23640036153,treatment_B,0,0
441,274274985,control,0,0
442,2910973176,treatment,0,0
443,23350565130,control,0,0
444,19654603038,treatment,0,0
445,10525710881,treatment_B,0,0
446,23440635035,treatment,0,0
447,271969393,control,0,0
448,8811324914,treatment,1,1
449,8811324914,treatment,3,1
450,8811324914,treatment,47,1
451,175885745,treatment,1,1
452,23619608225,treatment,0,0
453,22219886814,treatment_B,0,0
454,241791461,control,0,0
455,23324412925,treatment_B,0,0
456,3209875055,treatment,0,0
457,17962540040,treatment_B,2,1
458,17962540040,treatment_B,3,1
459,13883773301,control,0,0
460,18274418543,control,0,0
461,23302905639,treatment,0,0
462,948407168,treatment_B,0,0
463,750078876,treatment_B,0,0
464,18667853343,control,0,0
465,262595657,treatment_B,0,0
466,23534038281,treatment,0,0
467,20180623036,treatment,0,0
468,18819081208,treatment_B,2,1
469,242510251,treatment,0,0
470,285838470,treatment,0,0
471,15451141,control,0,0
472,13491823279,treatment_B,1,1
473,21502944209,control,1,1
474,2769439926,treatment,0,0
475,21843092390,control,0,0
476,12459809666,treatment_B,0,0
477,10414712349,treatment_B,0,0
478,13298989789,control,0,0
479,18275646437,control,1,1
480,7241441144,control,0,0
481,22221289050,treatment_B,0,0
482,22800619457,control,1,1
483,19657462983,treatment,0,0
484,3372256867,treatment_B,0,0
485,7894236325,control,5,1
486,23428685094,control,0,0
487,252802613,treatment_B,0,0
488,20224558896,treatment_B,0,0
489,2749716667,treatment,0,0
490,14226997802,treatment_B,0,0
491,17627598683,treatment,1,1
492,15297199589,treatment_B,1,1
493,23414150451,control,0,0
494,23476858266,treatment_B,0,0
495,18981478625,treatment,1,1
496,2530671859,control,0,0
497,10617416644,treatment,0,0
498,9850575465,control,0,0
499,17505082392,treatment,2,1
500,17505082392,treatment,1,1
501,17505082392,treatment,1,1
502,17505082392,treatment,1,1
503,17505082392,treatment,1,1
504,17505082392,treatment,1,1
505,17230803052,treatment_B,0,0
506,23490689799,control,0,0
507,267215865,treatment_B,0,0
508,17994897659,treatment,0,0
509,4391964,treatment,30,1
510,213800060,control,0,0
511,15242946367,control,0,0
512,13022366612,treatment_B,0,0
513,276239105,treatment,0,0
514,23497193247,control,4,1
515,23046977532,treatment,0,0
516,14015257045,treatment,0,0
517,13609043685,treatment,0,0
518,22076717265,treatment,0,0
519,15591066348,control,0,0
520,7715555432,treatment,1,1
521,10186513461,treatment_B,1,1
522,22694868477,treatment_B,0,0
523,17196130419,treatment,0,0
524,6997627359,treatment_B,0,0
525,22481592815,control,1,1
526,8711180363,treatment_B,0,0
527,23387708104,treatment_B,0,0
528,22326308035,treatment_B,0,0
529,3285707795,control,0,0
530,15224476717,treatment_B,0,0
531,1051180786,treatment_B,0,0
532,19531524177,control,0,0
533,1702617773,control,1,1
534,1702617773,control,1,1
535,209928441,control,0,0
536,18243272280,control,0,0
537,23336381112,treatment_B,0,0
538,18194159801,treatment_B,0,0
539,3955680107,treatment,0,0
540,16577046067,treatment_B,1,1
541,16577046067,treatment_B,1,1
542,22804603490,control,0,0
543,15874829576,treatment_B,0,0
544,3530231632,control,0,0
545,18893459452,treatment_B,1,1
546,238151259,treatment_B,0,0
547,10733005599,treatment,1,1
548,1273277244,treatment_B,0,0
549,8685234458,control,0,0
550,212967052,treatment,0,0
551,15628044493,treatment_B,0,0
552,23233337245,control,0,0
553,221689279,control,0,0
554,20706893700,treatment,3,1
555,23389450462,treatment,0,0
556,15856980429,control,1,1
557,18488984416,treatment_B,0,0
558,212309856,treatment,0,0
559,242409821,treatment,0,0
560,3409055063,control,0,0
561,17854290926,treatment,2,1
562,16618974901,treatment,0,0
563,23520446490,treatment,0,0
564,252607249,control,0,0
565,23330069426,control,0,0
566,214600125,control,0,0
567,8171242612,treatment_B,0,0
568,14083501803,treatment,0,0
569,13044449384,treatment,0,0
570,400182247,control,0,0
571,3277169071,treatment,3,1
572,3277169071,treatment,3,1
573,422381623,treatment,0,0
574,11623842643,treatment_B,0,0
575,19191034709,treatment,0,0
576,6573515189,control,2,1
577,6573515189,control,2,1
578,20326244173,control,0,0
579,13950172599,treatment,0,0
580,15359367461,treatment_B,0,0
581,17129907952,treatment,0,0
582,8392201840,treatment,0,0
583,22328441625,treatment,0,0
584,15591453903,treatment_B,1,1
585,22837539228,treatment_B,0,0
586,22653653710,treatment,0,0
587,280812249,treatment_B,3,1
588,280812249,treatment_B,2,1
589,18964133642,treatment_B,0,0
590,22411303877,treatment_B,0,0
591,23043684232,control,0,0
592,230346897,treatment_B,0,0
593,17366568049,treatment_B,2,1
594,17366568049,treatment_B,5,1
595,23242728754,treatment_B,0,0
596,23540597615,treatment_B,0,0
597,23229809477,treatment_B,0,0
598,19229470321,control,0,0
599,16683547267,control,24,1
600,3644273146,treatment_B,10,1
601,1957307122,control,0,0
602,22671463806,treatment_B,0,0
603,19598414549,control,0,0
604,20023925696,control,0,0
605,203650453,control,0,0
606,8696356362,treatment,1,1
607,8696356362,treatment,1,1
608,7499487670,treatment_B,0,0
609,19091568124,control,0,0
610,192814181,control,0,0
611,282684525,control,20,1
612,1138888350,treatment_B,0,0
613,23394427691,treatment,3,1
614,18191911986,control,0,0
615,19739789739,treatment_B,3,1
616,19739789739,treatment_B,20,1
617,3422963041,control,1,1
618,7143019479,treatment,1,1
619,13220212684,control,0,0
620,20112406922,treatment_B,1,1
621,6445310185,control,0,0
622,20077892631,treatment,0,0
623,23482234332,treatment_B,0,0
624,22618882675,control,0,0
625,10336898765,treatment,0,0
626,19600044317,treatment,0,0
627,22215055425,treatment,0,0
628,23053138661,treatment,3,1
629,16806487986,treatment,0,0
630,17238042990,treatment,0,0
631,23516667558,treatment,0,0
632,17042331167,treatment,1,1
633,21518362748,control,5,1
634,14381839631,control,0,0
635,1180919864,treatment_B,0,0
636,3802836895,control,0,0
637,206270202,treatment_B,0,0
638,242238389,treatment_B,1,1
639,22686400925,treatment_B,0,0
640,10568565743,treatment_B,0,0
641,6585410,control,1,1
642,17052599306,control,0,0
643,240329241,control,1,1
644,15941402152,control,0,0
645,15054286516,control,1,1
646,23093940081,treatment,0,0
647,6352746850,treatment,0,0
648,3383963113,treatment_B,0,0
649,15001834527,treatment,0,0
650,12660980034,control,0,0
651,7076514379,treatment_B,0,0
652,23084928732,control,0,0
653,18812700515,treatment_B,0,0
654,21021848221,treatment,0,0
655,21440801855,treatment,0,0
656,22381570359,control,50,1
657,22381570359,control,1,1
658,22381570359,control,1,1
659,22408351549,treatment_B,1,1
660,3046515402,treatment,3,1
661,9160629817,control,0,0
662,239307234,control,0,0
663,23644409280,treatment_B,0,0
664,778076477,control,1,1
665,211171877,control,0,0
666,17807179191,treatment_B,0,0
667,809835873,treatment,1,1
668,263984165,control,0,0
669,21510713327,treatment_B,1,1
670,17009310554,treatment,2,1
671,15063578903,control,5,1
672,11026728334,treatment_B,0,0
673,23229487711,treatment_B,0,0
674,19106127330,treatment_B,1,1
675,15583077452,treatment,0,0
676,22949029115,treatment_B,0,0
677,23043560363,treatment,0,0
678,12684820332,treatment,0,0
679,23374748031,treatment_B,0,0
680,195949782,treatment,0,0
681,8777420669,treatment,0,0
682,5609028,treatment_B,0,0
683,7715899974,control,0,0
684,11195059,treatment_B,1,1
685,23233277833,control,0,0
686,15298400154,control,1,1
687,22985074135,treatment,1,1
688,22985074135,treatment,1,1
689,7017529186,treatment,0,0
690,201835361,treatment,0,0
691,213842554,treatment,1,1
692,213842554,treatment,5,1
693,15335382642,control,0,0
694,232491843,treatment,0,0
695,205650183,treatment_B,0,0
696,23413493302,control,0,0
697,23533740038,control,0,0
698,18792595384,treatment,3,1
699,266595225,treatment_B,1,1
700,13682396744,treatment,0,0
701,18017546675,treatment,0,0
702,3624850274,control,0,0
703,15915108479,treatment,0,0
704,215157615,treatment_B,0,0
705,12347075399,control,0,0
706,18964298965,treatment,0,0
707,1672972314,treatment,1,1
708,5981340,treatment,0,0
709,217575540,control,0,0
710,12384831422,control,0,0
711,17411313528,treatment,0,0
712,21710549230,treatment_B,6,1
713,21710549230,treatment_B,1,1
714,17229588053,control,0,0
715,16674872715,control,0,0
716,192561844,treatment_B,0,0
717,228640141,treatment_B,0,0
718,7571287395,treatment_B,0,0
719,16925909322,control,0,0
720,19739046538,control,0,0
721,220219929,treatment_B,0,0
722,233954054,treatment_B,0,0
723,17948354858,treatment_B,0,0
724,23053090546,treatment_B,0,0
725,23331881550,treatment,0,0
726,200414399,treatment,3,1
727,18629137213,control,0,0
728,18802010499,treatment_B,14,1
729,16069216161,treatment_B,0,0
730,251676317,treatment_B,1,1
731,229888095,control,5,1
732,229888095,control,5,1
733,23519698009,treatment_B,0,0
734,15782167334,treatment,1,1
735,15782167334,treatment,1,1
736,269671550,treatment,0,0
737,175714109,control,0,0
738,23394103993,treatment,0,0
739,11373533910,treatment,0,0
740,21061366005,treatment,0,0
741,17698419803,treatment,0,0
742,18800921685,treatment,3,1
743,18800921685,treatment,1,1
744,18741559063,treatment_B,0,0
745,972057479,treatment,0,0
746,282618417,control,0,0
747,201849099,treatment,3,1
748,19790627557,control,0,0
749,12321978119,treatment,0,0
750,20134123571,control,0,0
751,23394259815,treatment,0,0
752,16035018,treatment,0,0
753,10067158558,treatment_B,0,0
754,2883297234,treatment,0,0
755,7385565337,control,0,0
756,17795653671,treatment_B,2,1
757,17795653671,treatment_B,1,1
758,17795653671,treatment_B,1,1
759,17795653671,treatment_B,3,1
760,7686921855,treatment_B,0,0
761,264610517,treatment_B,0,0
762,18872276085,control,0,0
763,188526580,treatment_B,0,0
764,232606027,treatment_B,0,0
765,11754149259,treatment_B,0,0
766,20004320603,treatment_B,0,0
767,530538307,control,0,0
768,1720153363,treatment,0,0
769,17932761627,treatment,0,0
770,7204616693,treatment_B,0,0
771,19814120007,control,0,0
772,23120264303,control,0,0
773,9400354,treatment_B,0,0
774,344971567,treatment,0,0
775,23057160422,control,0,0
776,224356543,control,0,0
777,256163625,treatment_B,0,0
778,3406032872,treatment,0,0
779,22970731957,treatment,0,0
780,11585777745,control,0,0
781,2526870104,treatment,8,1
782,12957126417,treatment,0,0
783,13491023571,control,0,0
784,20199804077,treatment_B,0,0
785,18477465616,treatment_B,0,0
786,203896489,treatment_B,0,0
787,20253495826,control,0,0
788,23618268823,treatment,0,0
789,22284780015,treatment_B,0,0
790,2240894339,treatment,0,0
791,17800756205,treatment,3,1
792,17800756205,treatment,1,1
793,15858000082,treatment,0,0
794,3483048117,treatment,0,0
795,16885420685,treatment_B,0,0
796,213067903,treatment_B,0,0
797,20057778250,treatment_B,7,1
798,18313890581,treatment,0,0
799,16020872240,treatment,0,0
800,3690393509,treatment,0,0
801,13165010217,treatment,0,0
802,18524846368,treatment,0,0
803,6052982293,treatment,0,0
804,21606912133,control,0,0
805,13617116272,treatment_B,0,0
806,2691437172,control,0,0
807,17505421129,treatment,0,0
808,16075809190,treatment,0,0
809,3101174354,control,0,0
810,8243394,treatment_B,1,1
811,8243394,treatment_B,1,1
812,8243394,treatment_B,1,1
813,1431841466,control,1,1
814,3879662344,treatment,3,1
815,20985773419,control,0,0
816,17411099251,control,0,0
817,23299635586,treatment_B,0,0
818,3644847089,treatment,0,0
819,195249425,treatment,0,0
820,20265188357,treatment,3,1
821,11382281217,treatment,0,0
822,18760664727,treatment_B,0,0
823,16868833024,treatment,0,0
824,227561151,control,1,1
825,2125576225,control,0,0
826,14800117075,treatment,0,0
827,276391025,control,0,0
828,19665420188,treatment_B,0,0
829,23547807081,treatment_B,0,0
830,19783241019,treatment,1,1
831,14941463568,control,1,1
832,16710106859,control,0,0
833,8694841355,treatment_B,1,1
834,8694841355,treatment_B,1,1
835,22970623674,treatment_B,9,1
836,22970623674,treatment_B,1,1
837,22970623674,treatment_B,1,1
838,23515025143,control,0,0
839,328295954,treatment_B,0,0
840,20580776222,control,0,0
841,19353607592,control,0,0
842,23631917614,treatment_B,0,0
843,23577519355,treatment_B,0,0
844,15234759256,control,0,0
845,22180913924,treatment,0,0
846,9448527869,treatment_B,1,1
847,23394592824,treatment_B,0,0
848,20213625265,treatment,0,0
849,244677475,control,0,0
850,3697384801,control,1,1
851,19729727130,control,0,0
852,398762908,treatment_B,0,0
853,243042981,treatment_B,1,1
854,2021215644,treatment,2,1
855,23388413196,control,0,0
856,17861758943,treatment_B,0,0
857,193485261,treatment_B,0,0
858,241663615,treatment_B,4,1
859,3336292089,treatment_B,0,0
860,12644981574,treatment,0,0
861,13683402356,treatment_B,1,1
862,13683402356,treatment_B,1,1
863,13683402356,treatment_B,1,1
864,13683402356,treatment_B,1,1
865,183142364,treatment_B,5,1
866,23503140432,control,0,0
867,23064271524,treatment,0,0
868,3706989178,control,0,0
869,23523727995,treatment_B,0,0
870,23375069321,treatment_B,0,0
871,13957589534,control,1,1
872,230065391,treatment_B,0,0
873,3403378504,treatment,10,1
874,23535789677,treatment,0,0
875,2635484997,treatment_B,0,0
876,16003869507,control,0,0
877,17942635924,treatment,0,0
878,6954905808,treatment,0,0
879,263002286,control,0,0
880,17954098890,treatment,2,1
881,17954098890,treatment,1,1
882,17954098890,treatment,1,1
883,17954098890,treatment,1,1
884,19092289684,control,20,1
885,18613994665,control,2,1
886,16578580227,control,0,0
887,8312208306,treatment,1,1
888,8312208306,treatment,1,1
889,21341619545,treatment,0,0
890,22944653515,treatment_B,1,1
891,22944653515,treatment_B,20,1
892,12392990586,treatment,0,0
893,23529454378,treatment_B,0,0
894,271257705,treatment_B,0,0
895,18266480361,control,0,0
896,207333196,treatment_B,0,0
897,18397171844,control,0,0
898,19360091043,treatment_B,0,0
899,1828468328,treatment,0,0
900,14140961597,treatment,0,0
901,22678795280,control,0,0
902,204517351,treatment_B,1,1
903,1950273189,treatment_B,1,1
904,23364411217,treatment,0,0
905,7475504433,treatment,0,0
906,23206457665,treatment_B,0,0
907,595969529,treatment,0,0
908,17366313929,control,0,0
909,12763251169,control,0,0
910,3527162136,treatment,0,0
911,18321481090,treatment,0,0
912,18678596185,treatment_B,1,1
913,1524716613,control,0,0
914,16740489363,treatment_B,0,0
915,198041699,treatment,2,1
916,7604671737,treatment_B,1,1
917,1701751130,treatment,2,1
918,12835977067,treatment_B,0,0
919,21340015803,treatment,0,0
920,23555837412,control,0,0
921,23374128377,control,0,0
922,16806907773,treatment_B,0,0
923,20194580046,treatment_B,0,0
924,1180456831,treatment,1,1
925,1180456831,treatment,4,1
926,10114596932,control,0,0
927,20083942784,treatment_B,0,0
928,14534212003,control,0,0
929,240484361,treatment_B,0,0
930,19692636712,treatment,0,0
931,14855485448,treatment,0,0
932,17847559328,control,0,0
933,13286362392,control,1,1
934,13286362392,control,1,1
935,2339588839,treatment_B,0,0
936,15433292533,treatment,2,1
937,23355308103,treatment,0,0
938,22281732469,treatment_B,0,0
939,21337923255,treatment,0,0
940,23263361803,treatment_B,0,0
941,22983408031,control,0,0
942,23105033390,treatment,3,1
943,10506785494,control,1,1
944,10506785494,control,1,1
945,23605730612,treatment,0,0
946,15201773582,treatment,0,0
947,247606182,treatment,0,0
948,3610455875,treatment,1,1
949,3610455875,treatment,1,1
950,23414393542,treatment_B,7,1
951,205358541,treatment_B,0,0
952,237253911,treatment,0,0
953,19292100269,treatment,0,0
954,9986185130,treatment,0,0
955,12982683111,treatment,0,0
956,23332368209,control,10,1
957,23332368209,control,15,1
958,6480974337,treatment_B,0,0
959,23660520717,treatment_B,0,0
960,234680666,treatment_B,0,0
961,10408486095,treatment_B,1,1
962,212736286,treatment,0,0
963,18983497438,control,0,0
964,18833108951,treatment_B,0,0
965,18899038702,treatment_B,2,1
966,261410593,treatment,0,0
967,20279185441,treatment,0,0
968,180059238,treatment_B,0,0
969,19371887346,treatment_B,0,0
970,13469585085,treatment,1,1
971,13469585085,treatment,1,1
972,13469585085,treatment,1,1
973,13469585085,treatment,1,1
974,23454142437,control,0,0
975,20219166382,treatment,1,1
976,20219166382,treatment,2,1
977,225434527,control,1,1
978,19117331713,treatment,0,0
979,10011270758,treatment,0,0
980,21645872045,treatment_B,1,1
981,11752743595,treatment,0,0
982,13314364990,control,0,0
983,11613108744,treatment_B,0,0
984,15484990793,treatment,0,0
985,18854618587,treatment_B,0,0
986,16228062,control,0,0
987,19613404790,control,1,1
988,6164838746,treatment,0,0
989,22950108438,treatment,0,0
990,10018748786,control,0,0
991,217289352,treatment_B,0,0
992,236973819,treatment_B,1,1
993,22779262073,treatment,2,1
994,22779262073,treatment,2,1
995,15146204575,control,1,1
996,221115901,control,0,0
997,212754174,control,0,0
998,9632319515,control,1,1
999,13614778101,control,0,0
1000,18185086003,treatment_B,1,1
1001,2870449562,treatment_B,1,1
1002,23268590565,treatment_B,0,0
1003,3606452602,treatment,3,1
1004,177082592,treatment_B,0,0
1005,19055649219,treatment_B,0,0
1006,14549170283,control,0,0
1007,19036349524,treatment_B,0,0
1008,16188745072,control,0,0
1009,18142074178,control,0,0
1010,23215077969,treatment_B,0,0
1011,3627165476,treatment,0,0
1012,15994342814,treatment,0,0
1013,18407751461,treatment,0,0
1014,22629514059,treatment_B,0,0
1015,211992788,treatment,0,0
1016,23524596268,control,0,0
1017,202454159,treatment_B,0,0
1018,14988592852,control,0,0
1019,12818645545,treatment_B,0,0
1020,16792656374,control,0,0
1021,180680746,treatment_B,0,0
1022,180351885,treatment_B,3,1
1023,180351885,treatment_B,1,1
1024,232109729,treatment,0,0
1025,232855129,treatment,0,0
1026,17236957850,control,1,1
1027,18588495580,treatment,1,1
1028,18588495580,treatment,1,1
1029,18588495580,treatment,1,1
1030,14865610675,treatment_B,0,0
1031,23064783083,treatment_B,0,0
1032,276051229,control,1,1
1033,3088591813,treatment_B,1,1
1034,225028169,control,0,0
1035,18470419173,treatment_B,0,0
1036,17912675405,control,2,1
1037,16315342408,treatment_B,0,0
1038,16619001051,treatment,0,0
1039,8607149427,treatment,0,0
1040,23238584253,control,0,0
1041,948953012,treatment,0,0
1042,15328644764,treatment,1,1
1043,23057237940,treatment_B,0,0
1044,9991423172,control,0,0
1045,23472416006,control,0,0
1046,204558766,treatment_B,0,0
1047,15734466226,treatment_B,0,0
1048,3178807658,control,0,0
1049,23646944033,control,0,0
1050,17380165314,treatment,0,0
1051,215534223,control,0,0
1052,1091030300,treatment,0,0
1053,21046267600,treatment,1,1
1054,21046267600,treatment,1,1
1055,213572135,treatment,2,1
1056,3287320188,treatment_B,0,0
1057,9039361061,treatment_B,0,0
1058,18660560893,treatment,0,0
1059,18667181677,treatment,0,0
1060,3688385414,control,1,1
1061,22497422919,treatment_B,0,0
1062,3706908977,treatment,1,1
1063,359531984,control,1,1
1064,14271824182,treatment_B,0,0
1065,12014830842,control,1,1
1066,236963031,treatment_B,0,0
1067,22241419641,treatment,1,1
1068,22241419641,treatment,1,1
1069,22241419641,treatment,1,1
1070,22241419641,treatment,1,1
1071,22241419641,treatment,1,1
1072,22241419641,treatment,1,1
1073,22241419641,treatment,1,1
1074,22241419641,treatment,1,1
1075,22241419641,treatment,1,1
1076,22241419641,treatment,1,1
1077,22241419641,treatment,1,1
1078,16981599294,treatment,0,0
1079,18252497087,treatment,0,0
1080,206553614,control,0,0
1081,20007177729,treatment_B,1,1
1082,20007177729,treatment_B,1,1
1083,17235675384,treatment_B,2,1
1084,14595312865,treatment_B,0,0
1085,15053725785,control,0,0
1086,248554938,control,5,1
1087,6684955144,treatment,0,0
1088,6446395751,treatment,3,1
1089,12685787554,treatment_B,0,0
1090,8687147277,treatment_B,0,0
1091,224595091,treatment_B,1,1
1092,2640831012,control,0,0
1093,3669647090,treatment,0,0
1094,18644418499,treatment,0,0
1095,22263127424,control,0,0
1096,4011379074,treatment_B,0,0
1097,18935721718,treatment_B,1,1
1098,18935721718,treatment_B,1,1
1099,13184504602,treatment,0,0
1100,175746779,control,0,0
1101,273834181,treatment_B,0,0
1102,10114446251,treatment_B,0,0
1103,12535075180,treatment,0,0
1104,22406086331,treatment_B,0,0
1105,202640047,treatment_B,1,1
1106,202640047,treatment_B,1,1
1107,19998980496,control,0,0
1108,224109801,control,0,0
1109,8204948450,treatment,0,0
1110,21199603697,control,0,0
1111,2668379799,treatment_B,0,0
1112,10598329513,treatment_B,0,0
1113,12331857,control,0,0
1114,234495742,treatment_B,0,0
1115,13908639757,treatment_B,0,0
1116,17873487317,treatment,0,0
1117,23096828207,treatment,0,0
1118,212545258,treatment,0,0
1119,3946332347,treatment,0,0
1120,225033537,treatment,0,0
1121,20334228658,treatment,3,1
1122,13057865772,treatment,0,0
1123,22080607305,treatment_B,0,0
1124,15401038568,treatment_B,0,0
1125,22971459077,control,0,0
1126,254576102,control,0,0
1127,17192404156,treatment,0,0
1128,855399553,treatment_B,0,0
1129,183205068,treatment_B,0,0
1130,233622178,treatment_B,0,0
1131,280275101,control,5,1
1132,1139529610,control,0,0
1133,14402631362,treatment_B,0,0
1134,272082057,treatment,25,1
1135,11656170882,treatment_B,0,0
1136,12779251,control,0,0
1137,15487273479,treatment,0,0
1138,18191949421,treatment,0,0
1139,8949205859,treatment_B,1,1
1140,20494138441,treatment,0,0
1141,281713789,treatment,0,0
1142,16567823743,treatment_B,0,0
1143,327232543,control,2,1
1144,254320141,control,0,0
1145,233087773,treatment,0,0
1146,23475293203,treatment,0,0
1147,10599326612,treatment,5,1
1148,23505494839,treatment_B,0,0
1149,21983630447,treatment,0,0
1150,177004964,control,0,0
1151,15566904284,control,0,0
1152,12513633862,treatment,0,0
1153,878732357,control,0,0
1154,13495568882,control,0,0
1155,22646460281,treatment_B,0,0
1156,20133499046,control,0,0
1157,7882185385,control,0,0
1158,16118822800,treatment,0,0
1159,16008225459,treatment_B,1,1
1160,23329491049,treatment_B,0,0
1161,220690415,control,0,0
1162,23347726406,treatment_B,0,0
1163,234339204,treatment_B,1,1
1164,15337058415,treatment_B,0,0
1165,200633413,treatment,0,0
1166,16057404523,treatment,0,0
1167,22402551464,treatment_B,1,1
1168,22402551464,treatment_B,1,1
1169,22402551464,treatment_B,2,1
1170,21730498431,treatment_B,0,0
1171,11676950084,control,1,1
1172,20224911184,treatment,0,0
1173,22059922517,treatment_B,0,0
1174,16160716236,treatment,0,0
1175,23364586538,treatment,0,0
1176,204952812,treatment,0,0
1177,23074015488,treatment_B,0,0
1178,1409860958,control,0,0
1179,282891877,treatment,0,0
1180,23231812905,control,0,0
1181,21870129709,treatment_B,1,1
1182,21870129709,treatment_B,1,1
1183,19037864418,treatment_B,0,0
1184,9675271403,treatment_B,0,0
1185,10179324527,treatment,3,1
1186,23351559152,treatment,0,0
1187,23175518630,treatment,0,0
1188,6477306,treatment_B,0,0
1189,9616644020,treatment_B,0,0
1190,17063799190,treatment_B,0,0
1191,2870893156,control,0,0
1192,14330679616,control,0,0
1193,15940294063,treatment_B,0,0
1194,23393609241,treatment_B,0,0
1195,259722033,treatment_B,0,0
1196,239292210,treatment_B,0,0
1197,18734129873,treatment,0,0
1198,17170726937,treatment,1,1
1199,6138477544,treatment_B,0,0
1200,11686519928,treatment,0,0
1201,18413823140,control,0,0
1202,422260595,control,0,0
1203,227484381,treatment,1,1
1204,227484381,treatment,1,1
1205,22360711898,treatment,0,0
1206,23684712732,treatment,0,0
1207,22771685134,control,0,0
1208,18210146844,control,0,0
1209,218047364,control,1,1
1210,18800886537,treatment_B,1,1
1211,19282812969,control,2,1
1212,20861463469,treatment,0,0
1213,14497249137,treatment_B,0,0
1214,23040814755,treatment,0,0
1215,23628732111,treatment_B,0,0
1216,261451461,treatment,1,1
1217,223104207,treatment,0,0
1218,12862598262,treatment,0,0
1219,11766250492,treatment_B,0,0
1220,220120883,treatment_B,2,1
1221,10416848042,treatment_B,1,1
1222,22482614436,control,0,0
1223,14663501405,treatment,0,0
1224,3953828628,control,0,0
1225,16004974435,control,0,0
1226,14430185225,control,0,0
1227,237860175,treatment,0,0
1228,19693881015,treatment,0,0
1229,210086193,control,0,0
1230,1099256357,control,1,1
1231,10557655069,treatment,7,1
1232,250166378,treatment,1,1
1233,3666961746,treatment,1,1
1234,15151971440,treatment_B,0,0
1235,21121860704,treatment_B,1,1
1236,13545846243,treatment,0,0
1237,7920053365,treatment_B,0,0
1238,211460099,treatment,1,1
1239,23680260855,control,0,0
1240,241773555,treatment,2,1
1241,6767610809,control,0,0
1242,182206908,treatment_B,0,0
1243,3072123862,treatment_B,2,1
1244,17256460586,treatment_B,7,1
1245,23044313109,treatment,0,0
1246,17488622329,treatment_B,0,0
1247,231057933,treatment,0,0
1248,14394555318,treatment_B,0,0
1249,22959051521,control,0,0
1250,19816356084,control,0,0
1251,2888153316,control,2,1
1252,17157032575,treatment,1,1
1253,17157032575,treatment,1,1
1254,11816121543,control,0,0
1255,585294046,treatment,0,0
1256,6197308532,treatment_B,0,0
1257,23045035255,control,0,0
1258,18862272188,control,1,1
1259,23410817620,treatment,0,0
1260,21962626551,control,0,0
1261,3872754654,treatment_B,0,0
1262,23498919297,treatment_B,0,0
1263,250806858,control,1,1
1264,225461283,control,3,1
1265,22709362563,control,2,1
1266,9619225278,treatment_B,0,0
1267,459056606,control,0,0
1268,17936748135,treatment,3,1
1269,19159296596,control,2,1
1270,3872713861,treatment_B,1,1
1271,3872713861,treatment_B,2,1
1272,214583165,control,0,0
1273,16110185050,treatment_B,1,1
1274,3231435142,control,0,0
1275,23522701133,control,0,0
1276,1597894787,control,0,0
1277,1952803733,treatment_B,0,0
1278,20926644422,control,1,1
1279,8168884,treatment_B,0,0
1280,23690165911,treatment,0,0
1281,19407888728,treatment,1,1
1282,236739950,treatment,0,0
1283,23523240966,treatment_B,0,0
1284,23228289781,control,0,0
1285,190905933,treatment,3,1
1286,19532990987,treatment_B,12,1
1287,19532990987,treatment_B,1,1
1288,13901973594,treatment,0,0
1289,23531944371,control,0,0
1290,1548150326,treatment,0,0
1291,22383168836,control,5,1
1292,1334583975,treatment,0,0
1293,14883790390,treatment,0,0
1294,22988894478,treatment_B,0,0
1295,23222056906,treatment,0,0
1296,14227707928,treatment,0,0
1297,18838283754,treatment_B,1,1
1298,22102947524,treatment_B,0,0
1299,22561419344,treatment_B,1,1
1300,242644249,treatment,1,1
1301,3977988465,control,0,0
1302,224775463,control,0,0
1303,23594923914,treatment,0,0
1304,13731912418,control,0,0
1305,8093012491,treatment,1,1
1306,183373796,control,1,1
1307,22423335277,treatment,1,1
1308,11025705,control,0,0
1309,17294521304,control,0,0
1310,12291202903,treatment_B,0,0
1311,14800840832,treatment_B,1,1
1312,17440989439,treatment_B,1,1
1313,2870154810,treatment_B,0,0
1314,7765297928,control,1,1
1315,7765297928,control,1,1
1316,17875292002,control,0,0
1317,217495434,control,1,1
1318,217495434,control,1,1
1319,11529295234,treatment,1,1
1320,11529295234,treatment,1,1
1321,22986444639,treatment,0,0
1322,10055269551,treatment_B,1,1
1323,3177628193,control,0,0
1324,7685902046,treatment_B,0,0
1325,348914726,control,1,1
1326,1369859974,treatment_B,0,0
1327,12013562285,treatment_B,1,1
1328,23541422464,control,0,0
1329,17599970802,treatment,0,0
1330,15412218467,control,0,0
1331,23365411375,control,0,0
1332,18535682930,treatment_B,0,0
1333,22405788990,treatment_B,0,0
1334,22369351696,control,0,0
1335,20998752143,control,0,0
1336,13044559340,treatment_B,0,0
1337,191560687,control,0,0
1338,19298158762,treatment_B,0,0
1339,20525518103,treatment_B,5,1
1340,13284332051,treatment_B,0,0
1341,23512008775,treatment,0,0
1342,13213125350,treatment,0,0
1343,1881249854,treatment,1,1
1344,18916406643,control,0,0
1345,12556783036,control,0,0
1346,241777785,treatment_B,0,0
1347,3414537453,control,0,0
1348,7526504021,control,0,0
1349,21973629951,treatment_B,0,0
1350,12722635732,control,0,0
1351,22935391417,treatment_B,0,0
1352,21706073425,treatment_B,0,0
1353,22941792848,treatment_B,1,1
1354,19444702000,treatment_B,0,0
1355,193714932,control,0,0
1356,22057779343,treatment_B,1,1
1357,22057779343,treatment_B,1,1
1358,22057779343,treatment_B,1,1
1359,17354813,control,0,0
1360,367100632,control,0,0
1361,23470904199,treatment_B,0,0
1362,18218620273,treatment_B,0,0
1363,3509513764,control,0,0
1364,232629023,treatment_B,0,0
1365,6628784217,control,0,0
1366,2204371133,treatment_B,0,0
1367,10578647,treatment_B,0,0
1368,7930097299,treatment_B,0,0
1369,14670803896,treatment_B,0,0
1370,6240970488,control,0,0
1371,23535153994,treatment,0,0
1372,214007225,treatment_B,0,0
1373,386949016,control,0,0
1374,21941727525,control,6,1
1375,1823192801,treatment,0,0
1376,3864958250,treatment,3,1
1377,6091648412,treatment,0,0
1378,16810705539,control,0,0
1379,20325960760,control,0,0
1380,242834899,treatment_B,0,0
1381,21782873095,treatment,0,0
1382,215174153,treatment_B,2,1
1383,17523775413,treatment_B,0,0
1384,19378534584,treatment_B,0,0
1385,15118366310,treatment,1,1
1386,15118366310,treatment,1,1
1387,257332141,treatment,0,0
1388,22547347886,treatment,0,0
1389,8293461519,treatment_B,0,0
1390,6738693785,control,0,0
1391,16195634360,treatment,1,1
1392,203876347,treatment,0,0
1393,23063752967,treatment,0,0
1394,235738398,treatment_B,0,0
1395,7521168463,control,0,0
1396,8039414286,treatment_B,1,1
1397,3687403099,treatment_B,1,1
1398,23347870536,control,0,0
1399,10677001687,treatment_B,0,0
1400,20448403758,treatment_B,2,1
1401,212604420,treatment_B,1,1
1402,13577040766,control,2,1
1403,22669484057,control,0,0
1404,23521378718,treatment_B,0,0
1405,6386226252,treatment_B,0,0
1406,17513786883,treatment_B,0,0
1407,1477373092,treatment,0,0
1408,19315864525,control,0,0
1409,12387514,control,1,1
1410,23413315611,treatment,0,0
1411,252858093,treatment_B,1,1
1412,252858093,treatment_B,1,1
1413,181703883,treatment,0,0
1414,22197375174,control,0,0
1415,23475497162,treatment_B,1,1
1416,23475497162,treatment_B,1,1
1417,9974880606,treatment_B,2,1
1418,23124516512,control,0,0
1419,638769346,control,0,0
1420,205443078,treatment,0,0
1421,460489775,treatment,0,0
1422,1502296654,treatment_B,0,0
1423,16735586908,treatment,0,0
1424,20211021064,treatment_B,1,1
1425,20211021064,treatment_B,1,1
1426,6113070381,treatment_B,0,0
1427,222868389,treatment,0,0
1428,16887813231,treatment,1,1
1429,190527097,treatment_B,0,0
1430,21708557308,treatment_B,0,0
1431,14207980657,control,0,0
1432,196338982,treatment,0,0
1433,19933120919,treatment,0,0
1434,20044704011,treatment,0,0
1435,21647707397,control,0,0
1436,10818069614,control,2,1
1437,10818069614,control,1,1
1438,10818069614,control,1,1
1439,10578815282,control,0,0
1440,17009058844,control,0,0
1441,12360014057,control,0,0
1442,17872331018,treatment_B,0,0
1443,12107561030,control,0,0
1444,17302126800,treatment,0,0
1445,3658652856,treatment,0,0
1446,12957446864,control,0,0
1447,16629341196,control,0,0
1448,15720716064,treatment,0,0
1449,23373272131,treatment,0,0
1450,673047377,control,0,0
1451,236000018,treatment,0,0
1452,22301460776,control,0,0
1453,3440337490,treatment_B,0,0
1454,15342870963,control,0,0
1455,278335721,control,0,0
1456,18998287298,treatment,0,0
1457,283024225,treatment,0,0
1458,3801856651,treatment_B,0,0
1459,17873793320,treatment_B,0,0
1460,18267570715,control,0,0
1461,7208325533,control,0,0
1462,22502763032,treatment,0,0
1463,207832390,treatment_B,0,0
1464,11826306470,treatment_B,0,0
1465,23247804944,control,0,0
1466,12248595055,control,0,0
1467,16199203422,treatment,0,0
1468,269082782,treatment_B,0,0
1469,15065987786,treatment_B,3,1
1470,7754754468,treatment_B,0,0
1471,9454903807,control,0,0
1472,22966959195,control,0,0
1473,231403419,control,0,0
1474,2818458395,treatment_B,1,1
1475,22043928384,treatment,1,1
1476,13185646402,control,1,1
1477,3698840757,control,0,0
1478,16456160263,control,0,0
1479,23276621669,control,0,0
1480,3851055099,treatment_B,1,1
1481,3851055099,treatment_B,3,1
1482,3851055099,treatment_B,1,1
1483,18231601157,treatment_B,0,0
1484,21945475790,treatment,0,0
1485,8474639409,treatment_B,1,1
1486,12462315461,treatment_B,1,1
1487,274761961,treatment_B,2,1
1488,274761961,treatment_B,1,1
1489,10862337165,treatment_B,0,0
1490,345154325,control,0,0
1491,2770343771,treatment,1,1
1492,2770343771,treatment,1,1
1493,211805070,treatment,0,0
1494,226912813,treatment_B,1,1
1495,17040873123,control,0,0
1496,203296825,control,0,0
1497,23126796272,treatment,0,0
1498,10821631,treatment,1,1
1499,18078979829,control,0,0
1500,225686977,treatment,0,0
1501,209315395,control,0,0
1502,19749679815,control,0,0
1503,15352679958,treatment,0,0
1504,275053249,control,2,1
1505,8270574884,treatment_B,1,1
1506,21077683942,treatment_B,1,1
1507,22070626275,treatment_B,0,0
1508,179200173,control,0,0
1509,20426391654,treatment_B,0,0
1510,23383685564,control,0,0
1511,17600075364,control,0,0
1512,18858851719,treatment,0,0
1513,11370805683,treatment,3,1
1514,242544097,treatment_B,1,1
1515,242544097,treatment_B,1,1
1516,242544097,treatment_B,1,1
1517,242544097,treatment_B,1,1
1518,23337931973,treatment_B,0,0
1519,16057881185,treatment_B,0,0
1520,17008491481,control,0,0
1521,22564222592,treatment_B,0,0
1522,23477395320,treatment,0,0
1523,20545651893,control,0,0
1524,15408640495,treatment_B,0,0
1525,3276705473,control,0,0
1526,23380263096,treatment,0,0
1527,473,treatment,0,0
1528,21793776553,treatment,1,1
1529,21793776553,treatment,1,1
1530,21793776553,treatment,1,1
1531,1561418592,treatment,1,1
1532,1561418592,treatment,1,1
1533,1561418592,treatment,1,1
1534,3385826914,treatment,0,0
1535,23347838790,treatment,0,0
1536,14498945456,treatment,0,0
1537,7450727079,control,0,0
1538,23125692182,treatment_B,0,0
1539,23316283690,treatment,0,0
1540,17358292930,treatment_B,0,0
1541,14074675377,treatment,0,0
1542,20661468744,control,0,0
1543,23555343061,treatment,0,0
1544,13042555390,treatment_B,0,0
1545,19621633550,treatment_B,0,0
1546,20296009164,treatment_B,0,0
1547,191764117,treatment_B,0,0
1548,3171779740,treatment_B,0,0
1549,219236948,treatment,0,0
1550,12610885880,treatment,0,0
1551,16171041408,treatment,0,0
1552,1994916127,control,0,0
1553,22611454549,treatment_B,0,0
1554,21966451594,treatment,0,0
1555,22712016621,treatment_B,1,1
1556,7752598434,treatment_B,1,1
1557,7752598434,treatment_B,1,1
1558,17572292767,control,0,0
1559,3981081592,control,2,1
1560,19944608270,treatment_B,1,1
1561,227874794,treatment_B,0,0
1562,23407740830,treatment,0,0
1563,1245828687,treatment,0,0
1564,9474430760,control,1,1
1565,13715912749,treatment,0,0
1566,21072881724,treatment_B,0,0
1567,8105582172,treatment,0,0
1568,336053418,control,0,0
1569,19063373044,control,0,0
1570,276131917,control,1,1
1571,17917204883,control,0,0
1572,18479142871,treatment_B,0,0
1573,225330323,treatment,0,0
1574,11464679092,control,0,0
1575,18231531372,control,1,1
1576,21529183377,control,0,0
1577,9766153977,treatment,0,0
1578,12873116534,treatment_B,0,0
1579,14467393101,control,1,1
1580,196911370,treatment_B,1,1
1581,5272470,treatment_B,0,0
1582,7378020572,treatment_B,1,1
1583,889543716,treatment,0,0
1584,18351726558,treatment_B,1,1
1585,10617236005,treatment,0,0
1586,8335398377,treatment,0,0
1587,23582001789,control,0,0
1588,6376765105,treatment_B,0,0
1589,23406881099,treatment,0,0
1590,182094774,control,0,0
1591,22546469430,control,0,0
1592,219212324,control,0,0
1593,22526441315,control,0,0
1594,23476232152,control,0,0
1595,19542036106,treatment_B,1,1
1596,19542036106,treatment_B,1,1
1597,22615073088,control,0,0
1598,3941041165,control,0,0
1599,18800821830,treatment_B,0,0
1600,7170281888,control,0,0
1601,11907884458,control,1,1
1602,198202295,control,0,0
1603,280243461,control,0,0
1604,12358219,treatment,0,0
1605,10038192614,treatment,2,1
1606,21966307988,treatment_B,1,1
1607,21966307988,treatment_B,2,1
1608,3419805445,control,0,0
1609,22803225995,treatment,0,0
1610,259390961,treatment,1,1
1611,259390961,treatment,1,1
1612,259390961,treatment,1,1
1613,22005922598,control,0,0
1614,17629339980,treatment_B,1,1
1615,2201537,treatment,0,0
1616,17737569029,control,0,0
1617,341557296,control,0,0
1618,6506166402,treatment_B,0,0
1619,254883914,treatment,0,0
1620,16706360734,treatment_B,0,0
1621,176718704,treatment_B,0,0
1622,245354982,treatment,0,0
1623,16112491445,treatment,0,0
1624,178961758,treatment_B,0,0
1625,243606865,treatment,0,0
1626,233809142,treatment_B,0,0
1627,16533708917,treatment,2,1
1628,19502900101,treatment,0,0
1629,6308932079,treatment_B,1,1
1630,13809675225,treatment_B,1,1
1631,3245147222,treatment_B,0,0
1632,20986793428,treatment_B,3,1
1633,235695116,control,0,0
1634,20538360620,control,5,1
1635,20007121807,control,0,0
1636,13218298216,treatment_B,1,1
1637,223885687,control,0,0
1638,23395894139,treatment_B,2,1
1639,22935867219,treatment_B,0,0
1640,7818933014,treatment,1,1
1641,7369040089,treatment_B,0,0
1642,23558354761,treatment_B,0,0
1643,8208901849,treatment_B,0,0
1644,1263460989,treatment_B,0,0
1645,15244009154,treatment,1,1
1646,15244009154,treatment,2,1
1647,15244009154,treatment,1,1
1648,235120370,treatment,10,1
1649,23241645730,treatment,0,0
1650,7208021679,treatment,1,1
1651,7208021679,treatment,1,1
1652,7208021679,treatment,1,1
1653,204628096,treatment,0,0
1654,20297679644,treatment,0,0
1655,238454379,treatment_B,2,1
1656,23260445803,control,0,0
1657,23046353642,treatment,0,0
1658,21784544342,treatment_B,0,0
1659,16993663061,treatment_B,4,1
1660,16993663061,treatment_B,1,1
1661,16993663061,treatment_B,2,1
1662,16993663061,treatment_B,1,1
1663,1718923,treatment_B,0,0
1664,7278890609,treatment,1,1
1665,3184290603,treatment_B,0,0
1666,21092962161,treatment_B,1,1
1667,17351485103,treatment_B,0,0
1668,23253276204,control,0,0
1669,211106259,treatment,1,1
1670,19279472619,treatment_B,1,1
1671,2423391553,treatment,0,0
1672,1403838182,control,0,0
1673,19174893069,treatment,0,0
1674,12108990756,treatment,0,0
1675,217410402,treatment_B,0,0
1676,21564773604,control,0,0
1677,231206135,treatment,0,0
1678,15280325268,treatment_B,0,0
1679,9827367804,treatment_B,0,0
1680,17847797397,control,0,0
1681,22940921035,control,0,0
1682,3558888009,treatment_B,1,1
1683,23683766917,treatment,0,0
1684,15199487227,treatment,0,0
1685,23610557747,treatment_B,0,0
1686,21644101089,treatment_B,0,0
1687,12285032702,treatment_B,0,0
1688,8318639767,treatment,0,0
1689,11930815004,treatment,0,0
1690,12197124,treatment,0,0
1691,10123350283,control,0,0
1692,420229319,control,0,0
1693,3960741219,treatment,1,1
1694,3960741219,treatment,1,1
1695,3960741219,treatment,1,1
1696,236560546,treatment,0,0
1697,3842487066,control,0,0
1698,21499747395,treatment,0,0
1699,281235689,control,1,1
1700,19842451442,treatment_B,0,0
1701,234342328,control,0,0
1702,16821942016,treatment_B,0,0
1703,9913731680,treatment,0,0
1704,3600481072,treatment,0,0
1705,17418627857,treatment,0,0
1706,23178812283,treatment,0,0
1707,22963774295,control,0,0
1708,22664133988,treatment_B,0,0
1709,21825873835,treatment,0,0
1710,11373199417,control,0,0
1711,23231660106,treatment,0,0
1712,23085789808,treatment_B,2,1
1713,19715286504,treatment,0,0
1714,23066608913,treatment,0,0
1715,12463700048,control,3,1
1716,7643850439,control,0,0
1717,23472153919,control,0,0
1718,5509702,treatment,5,1
1719,23204194478,control,0,0
1720,18344174740,treatment,0,0
1721,18616664707,control,0,0
1722,843766677,treatment_B,0,0
1723,1289236806,treatment,0,0
1724,10304122239,treatment_B,2,1
1725,183837667,treatment,1,1
1726,183837667,treatment,1,1
1727,6668844720,treatment,1,1
1728,6668844720,treatment,1,1
1729,18792675641,treatment,0,0
1730,11445852508,control,0,0
1731,182015394,treatment,3,1
1732,6633311663,treatment_B,1,1
1733,16573846931,treatment_B,0,0
1734,17228477316,control,0,0
1735,17728111845,treatment,0,0
1736,21567960385,control,4,1
1737,220353093,control,0,0
1738,22772273841,control,1,1
1739,6701041805,treatment_B,0,0
1740,394936149,treatment_B,0,0
1741,21849456251,treatment_B,0,0
1742,18502910709,control,0,0
1743,20276112389,treatment,2,1
1744,6633978207,treatment,0,0
1745,2142006203,treatment,0,0
1746,17144609634,control,0,0
1747,12917421476,control,0,0
1748,17171873625,control,1,1
1749,13411720314,control,1,1
1750,15222230532,control,3,1
1751,7217980249,treatment_B,0,0
1752,23273880126,treatment,0,0
1753,18019735018,control,0,0
1754,13117409908,treatment_B,0,0
1755,6114239362,control,0,0
1756,22979328659,treatment_B,0,0
1757,13835957604,control,1,1
1758,226182793,treatment_B,0,0
1759,10057554573,treatment_B,0,0
1760,17054375609,treatment,1,1
1761,222116757,treatment_B,2,1
1762,222116757,treatment_B,1,1
1763,13967796756,control,0,0
1764,19064589300,treatment_B,1,1
1765,18314987685,treatment,1,1
1766,13555454188,treatment,1,1
1767,23138959417,treatment,0,0
1768,3075681294,control,0,0
1769,194557128,treatment_B,0,0
1770,23073833249,treatment_B,0,0
1771,266407913,treatment,0,0
1772,179004258,control,0,0
1773,15738199716,treatment_B,0,0
1774,22197495500,treatment,5,1
1775,22197495500,treatment,2,1
1776,2783904876,control,0,0
1777,204191655,treatment_B,0,0
1778,10656733063,treatment,0,0
1779,245811902,control,0,0
1780,6340784,control,0,0
1781,23262926530,control,0,0
1782,3203281797,treatment_B,0,0
1783,17340744863,control,0,0
1784,3397538690,control,2,1
1785,7954563595,treatment_B,0,0
1786,23499445064,treatment,0,0
1787,23128285078,treatment_B,0,0
1788,19911742007,control,1,1
1789,2941006494,treatment_B,0,0
1790,15082258618,control,0,0
1791,12365813002,treatment_B,0,0
1792,23063311811,control,1,1
1793,8306253428,treatment_B,1,1
1794,8306253428,treatment_B,2,1
1795,14175491818,treatment,0,0
1796,206504192,control,1,1
1797,3630536013,treatment,0,0
1798,15343186316,treatment_B,0,0
1799,6267352727,treatment_B,3,1
1800,20061231336,treatment,1,1
1801,18072574009,treatment,0,0
1802,23110843847,treatment,0,0
1803,283058537,control,0,0
1804,16881402361,treatment,0,0
1805,3159427054,treatment,0,0
1806,190208752,treatment_B,0,0
1807,2792240246,control,0,0
1808,18355816579,treatment_B,1,1
1809,23364396411,treatment,0,0
1810,22402000969,treatment_B,1,1
1811,23232676836,treatment_B,0,0
1812,16949085373,control,0,0
1813,21928058434,treatment,0,0
1814,15819320120,control,0,0
1815,7385281826,treatment_B,0,0
1816,8443366,control,0,0
1817,9368521397,treatment,0,0
1818,23233301791,control,0,0
1819,3641940443,treatment_B,0,0
1820,14466038092,treatment_B,0,0
1821,23067780035,treatment_B,0,0
1822,13844978817,treatment,0,0
1823,22360390380,treatment_B,0,0
1824,11451724760,treatment_B,0,0
1825,23327793948,treatment,0,0
1826,21727833906,treatment,0,0
1827,23364787264,control,0,0
1828,12722511353,control,0,0
1829,7533692576,control,0,0
1830,3590249637,treatment_B,0,0
1831,6445264693,treatment_B,0,0
1832,216169075,treatment,0,0
1833,7001975479,treatment_B,0,0
1834,18473683773,treatment,0,0
1835,11614654435,treatment,0,0
1836,21673757588,treatment_B,0,0
1837,9285528935,control,0,0
1838,23273151265,control,0,0
1839,1739186589,treatment_B,1,1
1840,1739186589,treatment_B,1,1
1841,16532618573,treatment_B,1,1
1842,17411103,control,1,1
1843,16423252510,control,1,1
1844,18739703059,control,2,1
1845,18739703059,control,1,1
1846,3037422618,treatment_B,0,0
1847,23224047248,treatment_B,0,0
1848,3270132494,control,15,1
1849,12309828871,treatment_B,0,0
1850,14422726610,control,0,0
1851,23671524209,control,0,0
1852,17799058759,treatment,0,0
1853,18552595184,treatment,0,0
1854,23679590476,treatment,0,0
1855,16445601140,control,0,0
1856,225461281,control,0,0
1857,6577819276,control,0,0
1858,18967621644,control,0,0
1859,284793518,control,5,1
1860,18923470589,treatment,0,0
1861,10311485439,treatment,0,0
1862,23475970318,treatment,0,0
1863,18810172951,treatment_B,0,0
1864,21662889274,treatment_B,0,0
1865,180771433,treatment_B,0,0
1866,20636340326,control,0,0
1867,23333414701,treatment,0,0
1868,21566136154,treatment_B,2,1
1869,13798589383,treatment_B,3,1
1870,560508483,control,0,0
1871,22940518467,control,0,0
1872,358883040,treatment_B,0,0
1873,225334995,control,0,0
1874,23080462782,treatment_B,0,0
1875,654567124,treatment_B,0,0
1876,11148091447,control,0,0
1877,3108640599,treatment_B,0,0
1878,12865873459,treatment_B,0,0
1879,12696113733,treatment,0,0
1880,22621159300,treatment_B,0,0
1881,23319060655,treatment_B,0,0
1882,2145994904,control,0,0
1883,10146792679,control,0,0
1884,18393225570,treatment_B,1,1
1885,17637769243,control,0,0
1886,23369052573,treatment_B,0,0
1887,12545041505,treatment,0,0
1888,3624517787,control,0,0
1889,22119547277,control,0,0
1890,23543734465,treatment_B,0,0
1891,12086869448,control,0,0
1892,14961458979,treatment,1,1
1893,15660626160,treatment,0,0
1894,19732178530,control,0,0
1895,15071447,treatment,0,0
1896,21677551351,control,0,0
1897,16991758520,treatment_B,1,1
1898,18784626020,treatment,1,1
1899,18784626020,treatment,2,1
1900,18784626020,treatment,3,1
1901,18784626020,treatment,1,1
1902,18784626020,treatment,1,1
1903,8922881524,control,1,1
1904,2173110012,treatment,0,0
1905,14355838643,treatment_B,1,1
1906,14656993589,treatment_B,0,0
1907,16620728314,treatment,0,0
1908,18996526584,treatment,0,0
1909,17431821702,treatment_B,0,0
1910,8106087634,treatment,2,1
1911,14669903052,control,0,0
1912,14944400128,treatment,1,1
1913,14711724391,treatment_B,0,0
1914,23185472140,treatment_B,0,0
1915,20367973119,treatment,0,0
1916,23344445609,treatment_B,0,0
1917,23341270640,control,0,0
1918,7221959855,control,1,1
1919,19747422879,treatment_B,0,0
1920,2935856200,control,0,0
1921,191654531,control,2,1
1922,217629290,control,0,0
1923,3442415350,treatment,0,0
1924,23065995042,control,1,1
1925,21059932859,control,1,1
1926,19784105508,control,1,1
1927,22404170747,treatment_B,4,1
1928,3419320727,treatment,0,0
1929,733494075,treatment_B,0,0
1930,8209044355,treatment,1,1
1931,14956037769,treatment_B,0,0
1932,14586408047,treatment,0,0
1933,17238982407,treatment_B,0,0
1934,23176802743,control,0,0
1935,1507588155,treatment,0,0
1936,12774075708,control,0,0
1937,14004149570,treatment,1,1
1938,22984814630,treatment_B,0,0
1939,23247799278,treatment_B,0,0
1940,7515554290,treatment,5,1
1941,19657117668,treatment_B,2,1
1942,7288108703,treatment,0,0
1943,252437425,treatment,0,0
1944,1944864792,treatment_B,0,0
1945,23558830232,control,0,0
1946,14149159580,treatment,1,1
1947,20561275746,control,0,0
1948,19027865983,control,0,0
1949,18525246739,treatment_B,0,0
1950,18864505410,treatment_B,0,0
1951,313413993,treatment,0,0
1952,22004737101,treatment,0,0
1953,20499672310,treatment,0,0
1954,189928358,control,0,0
1955,9967411994,treatment_B,0,0
1956,18802282234,treatment_B,1,1
1957,3657658874,treatment,0,0
1958,3239850177,treatment,1,1
1959,13339764100,control,0,0
1960,3802804523,treatment_B,0,0
1961,22503320282,control,0,0
1962,22565690975,control,0,0
1963,11590018723,treatment_B,0,0
1964,205126190,treatment_B,0,0
1965,12860280337,treatment,0,0
1966,23176336815,control,0,0
1967,7181923252,control,0,0
1968,11613469690,control,0,0
1969,15544561535,treatment_B,0,0
1970,12483322674,treatment,5,1
1971,1061981382,treatment_B,1,1
1972,15400051797,treatment_B,0,0
1973,8113809166,control,0,0
1974,3176964375,treatment,2,1
1975,13832375173,treatment,0,0
1976,23118706285,control,0,0
1977,19099248950,treatment,0,0
1978,23327220568,treatment_B,0,0
1979,13289829276,treatment,0,0
1980,213547729,treatment_B,0,0
1981,19558656790,control,7,1
1982,2915169013,treatment,0,0
1983,23645114511,control,0,0
1984,7567848874,control,0,0
1985,1975866945,treatment,0,0
1986,23514706266,treatment,0,0
1987,219692821,treatment_B,0,0
1988,3464846282,treatment,0,0
1989,1712723394,control,1,1
1990,1712723394,control,1,1
1991,13833168914,treatment,0,0
1992,17993499725,treatment_B,0,0
1993,12979221292,treatment,0,0
1994,18922441085,control,0,0
1995,8541654423,treatment,2,1
1996,16806143984,treatment_B,1,1
1997,16806143984,treatment_B,1,1
1998,23348777453,control,0,0
1999,20982432984,treatment,1,1
2000,20982432984,treatment,1,1
2001,23394228779,treatment,0,0
2002,15477850393,treatment_B,0,0
2003,3528079326,control,0,0
2004,9047720615,treatment,0,0
2005,15459300871,control,0,0
2006,335856617,control,0,0
2007,19603511631,control,0,0
2008,16733741962,treatment,0,0
2009,19244044355,treatment_B,0,0
2010,19300389758,control,3,1
2011,20326341843,treatment,0,0
2012,226678731,control,1,1
2013,3742215631,treatment,0,0
2014,3621999498,control,0,0
2015,211633981,treatment,0,0
2016,21196565584,treatment_B,0,0
2017,13948059489,treatment,2,1
2018,15286956695,control,1,1
2019,254290561,treatment,0,0
2020,6204384574,treatment_B,1,1
2021,12807476152,control,0,0
2022,16979002953,treatment_B,0,0
2023,7978852854,treatment,0,0
2024,224000983,control,0,0
2025,8777384,treatment,0,0
2026,2870307610,treatment_B,1,1
2027,2870307610,treatment_B,1,1
2028,2870307610,treatment_B,1,1
2029,23462229714,treatment,0,0
2030,23231242036,control,0,0
2031,18884371241,treatment,1,1
2032,214555683,treatment,0,0
2033,17301435438,control,0,0
2034,11739575679,treatment_B,0,0
2035,255061734,treatment_B,0,0
2036,15055221245,treatment_B,0,0
2037,320523889,treatment_B,0,0
2038,19618310122,control,0,0
2039,13281531690,treatment,0,0
2040,13545983772,treatment,0,0
2041,14623496238,control,0,0
2042,23329105139,control,0,0
2043,15242446911,treatment_B,0,0
2044,23253730354,control,0,0
2045,236672502,treatment_B,0,0
2046,9716640500,treatment,0,0
2047,201390298,treatment,0,0
2048,309039266,treatment_B,0,0
2049,23300434317,treatment_B,0,0
2050,23368630487,treatment,0,0
2051,243533561,treatment_B,12,1
2052,3546558525,control,0,0
2053,271964953,treatment,0,0
2054,17439867937,control,0,0
2055,23636661860,treatment,0,0
2056,22931969521,treatment,0,0
2057,22664655215,treatment,0,0
2058,22941317495,control,0,0
2059,23323987408,control,0,0
2060,9736422351,control,0,0
2061,237413575,treatment_B,0,0
2062,185610934,control,0,0
2063,278012993,treatment,0,0
2064,3046118577,control,0,0
2065,15796585588,treatment_B,0,0
2066,5092138,treatment,0,0
2067,18081479821,treatment,0,0
2068,23327842470,control,0,0
2069,264524329,control,0,0
2070,271088061,treatment,0,0
2071,228118976,treatment_B,1,1
2072,283683173,treatment,3,1
2073,283683173,treatment,1,1
2074,187193874,treatment,0,0
2075,9971230541,control,0,0
2076,196592800,control,0,0
2077,19657140025,treatment,0,0
2078,17729713567,control,1,1
2079,23083617553,treatment,0,0
2080,224936649,treatment,0,0
2081,13772620587,treatment,3,1
2082,7231921956,treatment,0,0
2083,23083116915,control,0,0
2084,212510470,treatment,3,1
2085,212510470,treatment,5,1
2086,12035178570,control,0,0
2087,22378826763,treatment,0,0
2088,262819685,treatment_B,0,0
2089,23066558673,treatment,0,0
2090,19034953572,treatment,0,0
2091,18864790345,treatment,0,0
2092,181196755,control,0,0
2093,6004157823,treatment,2,1
2094,6004157823,treatment,2,1
2095,17128431570,control,0,0
2096,206106099,control,0,0
2097,23096321474,treatment,0,0
2098,17201143,treatment,10,1
2099,257419837,control,0,0
2100,262733381,control,0,0
2101,286633497,treatment,0,0
2102,15406433718,treatment,0,0
2103,3802633270,control,0,0
2104,23020785733,control,0,0
2105,23259578746,control,0,0
2106,18398506777,treatment_B,0,0
2107,16191695160,treatment,0,0
2108,13682198732,control,0,0
2109,23554197780,control,0,0
2110,17359221674,control,0,0
2111,19092282026,treatment,0,0
2112,2779792074,treatment,0,0
2113,19164242844,treatment_B,1,1
2114,2916337940,treatment_B,0,0
2115,16456574437,treatment_B,0,0
2116,279139341,treatment_B,1,1
2117,22666975502,treatment,5,1
2118,15143644836,treatment,3,1
2119,7674569500,control,0,0
2120,10608983244,treatment,3,1
2121,176949053,treatment_B,0,0
2122,16557986278,treatment,0,0
2123,22513027993,treatment_B,0,0
2124,21946668490,treatment,0,0
2125,23226730235,control,0,0
2126,16763138974,treatment_B,1,1
2127,18544494426,control,0,0
2128,9420079282,treatment_B,1,1
2129,9420079282,treatment_B,1,1
2130,15362387423,treatment,1,1
2131,10824853,treatment_B,0,0
2132,22947482711,treatment_B,0,0
2133,23536906090,treatment_B,0,0
2134,13564611783,control,0,0
2135,2934268928,treatment_B,1,1
2136,2934268928,treatment_B,1,1
2137,17364510300,control,0,0
2138,22753111962,treatment,0,0
2139,17747138563,treatment_B,0,0
2140,210822705,treatment_B,0,0
2141,6363419911,treatment_B,0,0
2142,18613435429,treatment_B,2,1
2143,227367489,control,0,0
2144,281168137,treatment_B,0,0
2145,23537141166,control,0,0
2146,23398550609,control,0,0
2147,3837745718,treatment,2,1
2148,22698151784,control,0,0
2149,207083476,treatment_B,0,0
2150,20810256151,treatment_B,1,1
2151,20810256151,treatment_B,1,1
2152,20810256151,treatment_B,1,1
2153,2483996080,control,2,1
2154,207331898,control,2,1
2155,20085974578,treatment_B,0,0
2156,6478837661,treatment,0,0
2157,21261929016,treatment_B,2,1
2158,21261929016,treatment_B,1,1
2159,359045324,control,0,0
2160,23106891054,control,0,0
2161,17836012166,treatment,0,0
2162,23230435801,treatment,0,0
2163,16759835869,control,2,1
2164,19289988632,treatment,0,0
2165,23203793930,treatment,0,0
2166,234412402,treatment_B,0,0
2167,285676298,treatment,0,0
2168,275908974,treatment_B,0,0
2169,20212005298,treatment_B,0,0
2170,23186081731,treatment,0,0
2171,7316756322,treatment,1,1
2172,19461921069,control,0,0
2173,15363809011,control,0,0
2174,7546237067,control,0,0
2175,19174687496,treatment_B,0,0
2176,1060959661,control,0,0
2177,17061210479,treatment_B,0,0
2178,6625812733,treatment_B,0,0
2179,196254344,treatment,0,0
2180,18530297683,treatment_B,0,0
2181,21254782066,control,0,0
2182,18284265592,treatment,2,1
2183,10379153827,control,2,1
2184,6301537427,treatment_B,0,0
2185,257087157,treatment,0,0
2186,18708920437,control,0,0
2187,18917271783,treatment,0,0
2188,269620930,control,0,0
2189,18341734452,treatment,0,0
2190,10715998945,control,0,0
2191,262083997,treatment,0,0
2192,21944933735,treatment,0,0
2193,180556790,control,0,0
2194,23108510480,control,0,0
2195,22174870517,control,0,0
2196,19164854604,treatment,0,0
2197,184121383,treatment_B,3,1
2198,20937279210,treatment_B,2,1
2199,218589504,control,10,1
2200,218589504,control,4,1
2201,356230888,control,1,1
2202,10294050872,treatment,0,0
2203,18191335718,treatment_B,0,0
2204,14046909746,treatment_B,0,0
2205,21640646644,treatment,1,1
2206,21640646644,treatment,1,1
2207,1281240306,treatment,0,0
2208,19184188821,treatment_B,0,0
2209,240602581,treatment,0,0
2210,11793267229,control,0,0
2211,19694454906,treatment,2,1
2212,12951464069,treatment,0,0
2213,20787240953,treatment,1,1
2214,23075626797,treatment_B,0,0
2215,208967535,treatment_B,0,0
2216,15280606107,treatment,0,0
2217,205285447,treatment,0,0
2218,23333676452,treatment,0,0
2219,2861911131,treatment,0,0
2220,18725315417,treatment,0,0
2221,13951274263,treatment,1,1
2222,14550141971,treatment_B,4,1
2223,4025005577,treatment,0,0
2224,2118554097,control,0,0
2225,17035225819,treatment,5,1
2226,19566776434,treatment,0,0
2227,199349967,treatment_B,0,0
2228,21830948163,control,0,0
2229,23628211224,treatment,0,0
2230,16974323067,treatment_B,0,0
2231,191638115,control,5,1
2232,18294049252,treatment,0,0
2233,18860869911,treatment,0,0
2234,206994244,control,0,0
2235,9917282171,treatment_B,0,0
2236,15912053065,control,0,0
2237,13601493842,treatment,1,1
2238,13601493842,treatment,1,1
2239,13601493842,treatment,1,1
2240,13601493842,treatment,1,1
2241,2591293503,treatment_B,34,1
2242,14929569995,treatment,0,0
2243,8058757510,control,0,0
2244,3690421219,control,0,0
2245,416697982,control,0,0
2246,12247413262,treatment_B,0,0
2247,16149888,control,0,0
2248,6328266405,treatment,0,0
2249,282080177,treatment,5,1
2250,22956537935,treatment_B,0,0
2251,19336557364,treatment,0,0
2252,21381667489,treatment,0,0
2253,23254723321,treatment_B,0,0
2254,17628449833,treatment,0,0
2255,16830299710,control,1,1
2256,254866690,control,0,0
2257,9318645572,control,0,0
2258,23230450494,treatment_B,0,0
2259,15918737396,treatment_B,0,0
2260,17818128927,treatment,0,0
2261,231946811,treatment_B,0,0
2262,3837441993,control,0,0
2263,13537860582,control,1,1
2264,13537860582,control,3,1
2265,281292085,control,0,0
2266,21368841764,treatment_B,0,0
2267,6054230595,control,0,0
2268,17380416444,control,0,0
2269,19055490388,control,1,1
2270,22965540373,control,0,0
2271,6567000681,control,0,0
2272,20935133983,control,0,0
